v	Gates	Layers	Fcalls	E0	Overlap
v1	2844	9	451	1.140274999999999	0.16834938481015638
v3	2844	9	451	1.140274999999999	0.1683493848101565
v5	2844	9	451	1.140274999999999	0.16834938481015652
v7	2844	9	451	1.140274999999999	0.1683493848101565
