Operator label	Operator excitation	Gradient	Final parameters gradient	Energy	Relative error	Function calls
None	None	None	None	2.5814499999999994	1.4645583421906954	0
57	[3, 6, 4, 11]	4.797259402144299	1.4901161193847656e-08	-0.9582526642991787	0.82755262773765	20
15	[1, 8, 3, 6]	3.0301957687927037	8.940696716308594e-08	-2.733265922307966	0.508120829133351	71
19	[1, 8, 5, 10]	1.5144115412182417	5.1619136559035694e-08	-3.024716478735162	0.4556713192360553	151
1	[0, 9, 1, 8]	0.8833608569472925	1.1151007970493857e-07	-3.1539998426763747	0.4324054550026337	250
13	[1, 8, 2, 7]	0.3062810619908708	1.0745380149674383e-07	-3.4178999999999973	0.38491392133352303	409
37	[2, 7, 4, 11]	9.000606560061186e-08	1.3328003749250113e-07	-3.417899999999918	0.38491392133353736	427
