Operator label	Operator excitation	Gradient	Final parameters gradient	Energy	Relative error	Function calls
None	None	None	None	0.6671449999999997	1.1200595693121351	0
9	[0, 9, 5, 10]	4.797259402144299	1.4901161193847656e-08	-0.9582526642991794	0.8275526277376499	15
3	[0, 9, 2, 7]	3.0301957675712203	0.0	-2.7332659223079796	0.5081208291333486	52
37	[2, 7, 4, 11]	1.5144116030499795	4.2146848510894035e-08	-3.02471647873516	0.45567131923605564	107
35	[2, 7, 3, 6]	0.8833609005838904	2.043144285798384e-07	-3.1539998426760576	0.4324054550026908	177
13	[1, 8, 2, 7]	0.3062810782406514	1.2644054553268208e-07	-3.4178999999999986	0.3849139213335228	297
37	[2, 7, 4, 11]	6.161519749969813e-08	1.2644054553268208e-07	-3.417899999999913	0.3849139213335382	315
