Operator label	Operator excitation	Gradient	Final parameters gradient	Energy	Relative error	Function calls
None	None	None	None	2.5814499999999994	1.4645583421906954	0
9	[0, 9, 5, 10]	4.797259402144299	2.9802322387695312e-08	-0.9582526642991789	0.8275526277376499	23
3	[0, 9, 2, 7]	3.030195766685792	0.0	-2.7332659223079796	0.5081208291333486	61
37	[2, 7, 4, 11]	1.5144115758734396	2.9802322387695312e-08	-3.0247164787351615	0.4556713192360554	153
35	[2, 7, 3, 6]	0.8833608962024648	1.812804499357408e-07	-3.1539998426763423	0.43240545500263955	241
13	[1, 8, 2, 7]	0.3062810960362552	1.5769906706002895e-07	-3.4178999999999977	0.3849139213335229	449
15	[1, 8, 3, 6]	1.0398548078160985e-07	1.7881393432617188e-07	-3.4178999999995354	0.38491392133360613	528
