Operator label	Operator excitation	Gradient	Final parameters gradient	Energy	Relative error	Function calls
None	None	None	None	0.6671449999999997	1.1200595693121351	0
57	[3, 6, 4, 11]	4.797259402144299	1.4901161193847656e-08	-0.9582526642991787	0.82755262773765	17
15	[1, 8, 3, 6]	3.030195768019376	6.664001874625056e-08	-2.73326592230798	0.5081208291333484	56
19	[1, 8, 5, 10]	1.5144115495793014	2.9802322387695312e-08	-3.0247164787351624	0.45567131923605525	141
1	[0, 9, 1, 8]	0.8833608547477192	1.2990531157078367e-07	-3.1539998426763702	0.43240545500263455	206
13	[1, 8, 2, 7]	0.306280994691913	2.086162567138672e-07	-3.417899999999999	0.3849139213335227	403
3	[0, 9, 2, 7]	5.378166045844068e-08	2.086162567138672e-07	-3.417899999999748	0.3849139213335679	421
