Operator label	Operator excitation	Gradient	Final parameters gradient	Energy	Relative error	Function calls
None	None	None	None	-0.7480950000000002	0.8653726498668778	0
13	[1, 8, 2, 7]	4.63199	2.9802322387695312e-08	-3.0640899999999993	0.448585651194837	15
3	[0, 9, 2, 7]	1.0614300240178551	0.0	-3.2136299903994106	0.4216743997543044	46
35	[2, 7, 3, 6]	1.270960715074181	5.960464477539063e-08	-3.417899999999999	0.3849139213335227	96
13	[1, 8, 2, 7]	9.003887768699315e-08	6.664001874625056e-08	-3.417899999999986	0.38491392133352503	112
