Operator label	Operator excitation	Gradient	Final parameters gradient	Energy	Relative error	Function calls
None	None	None	None	-0.7480950000000002	0.8653726498668778	0
13	[1, 8, 2, 7]	4.63199	1.1920928955078125e-07	-3.06409	0.4485856511948369	21
3	[0, 9, 2, 7]	1.0614300115853852	9.424321830774485e-08	-3.2136299903994066	0.4216743997543051	76
35	[2, 7, 3, 6]	1.2709607109581809	4.2146848510894035e-08	-3.417900000000001	0.38491392133352237	153
13	[1, 8, 2, 7]	8.224366654374649e-08	4.2146848510894035e-08	-3.417899999999988	0.3849139213335247	159
